{"Random Forest with undersampling": 0.6317077646437965, "Random Forest with oversampling": 0.6428768200266526, "Random Forest with balanced_subsample": 0.6563283553004674, "Random Forest with balanced": 0.6563761748196738, "Random Forest with smote": 0.6629565799154955, "AdaBoost with undersampling": 0.7006178080707521, "AdaBoost with oversampling": 0.7032463935641009, "AdaBoost with smote": 0.7046331887930156, "GradientBoosting with undersampling": 0.645292881874065, "GradientBoosting with oversampling": 0.6466276431187687, "GradientBoosting with smote": 0.6759806573417093}